{
    "type": "FeatureCollection",
    "name": "barangays",
    "crs": {
        "type": "name",
        "properties": {
            "name": "urn:ogc:def:crs:OGC:1.3:CRS84"
        }
    },
    "features": [
        {
            "type": "Feature",
            "properties": {
                "id": 1,
                "barangay": "Lawang Bato",
                "logo": "assets/barangays/lawang_bato.webp"
            },
            "geometry": {
                "type": "MultiPolygon",
                "coordinates": [
                    [
                        [
                            [
                                120.985279806526577,
                                14.722245871161926
                            ],
                            [
                                120.980652442772282,
                                14.730169894748261
                            ],
                            [
                                120.981087959360963,
                                14.730591097241177
                            ],
                            [
                                120.981142398934551,
                                14.731301874601924
                            ],
                            [
                                120.981714014457111,
                                14.731407174754505
                            ],
                            [
                                120.981741234243898,
                                14.731854699835253
                            ],
                            [
                                120.982612267421189,
                                14.731433499784689
                            ],
                            [
                                120.983238322517366,
                                14.731433499784689
                            ],
                            [
                                120.983646619319202,
                                14.731828374855946
                            ],
                            [
                                120.983183882943777,
                                14.732170599338884
                            ],
                            [
                                120.983592179745628,
                                14.732591797964657
                            ],
                            [
                                120.984680971217216,
                                14.732749747239403
                            ],
                            [
                                120.98533424610018,
                                14.732460173481565
                            ],
                            [
                                120.985633663754882,
                                14.732644447735632
                            ],
                            [
                                120.986150839703882,
                                14.732433848575404
                            ],
                            [
                                120.98672245522647,
                                14.732670772616343
                            ],
                            [
                                120.987348510322647,
                                14.732565473074395
                            ],
                            [
                                120.987402949896207,
                                14.733091970275257
                            ],
                            [
                                120.988546180941384,
                                14.732960346094311
                            ],
                            [
                                120.988981697530008,
                                14.734171285559691
                            ],
                            [
                                120.990315467082723,
                                14.734144960860277
                            ],
                            [
                                120.990669324311014,
                                14.734566155669308
                            ],
                            [
                                120.991703676209028,
                                14.733750089987268
                            ],
                            [
                                120.991567577275063,
                                14.732381198753545
                            ],
                            [
                                120.993037445761743,
                                14.730143569565426
                            ],
                            [
                                120.99962463416486,
                                14.732223249211636
                            ],
                            [
                                121.00234661284388,
                                14.731143924277669
                            ],
                            [
                                121.005340789390772,
                                14.73159144989906
                            ],
                            [
                                121.00634792150197,
                                14.730538446974085
                            ],
                            [
                                121.006592899583111,
                                14.729511764223364
                            ],
                            [
                                121.007545592120749,
                                14.728958933046576
                            ],
                            [
                                121.007273394252863,
                                14.726800245500094
                            ],
                            [
                                121.004279217705943,
                                14.727300431102812
                            ],
                            [
                                121.003108766873993,
                                14.728063870073019
                            ],
                            [
                                121.002809349219291,
                                14.728537727399242
                            ],
                            [
                                121.001774997321291,
                                14.728379775071637
                            ],
                            [
                                121.000414007981774,
                                14.728274473456301
                            ],
                            [
                                121.001666118174114,
                                14.727089826778402
                            ],
                            [
                                121.001774997321291,
                                14.726352710040578
                            ],
                            [
                                121.002646030498582,
                                14.725562939341279
                            ],
                            [
                                120.999270776936598,
                                14.725615590810246
                            ],
                            [
                                120.999924051819562,
                                14.724325626159892
                            ],
                            [
                                120.999733513312023,
                                14.722719741134357
                            ],
                            [
                                120.998753600987598,
                                14.721956283449588
                            ],
                            [
                                120.9995701945913,
                                14.720639970819366
                            ],
                            [
                                120.99744705122167,
                                14.719481609132425
                            ],
                            [
                                120.996766556551947,
                                14.721271801873483
                            ],
                            [
                                120.993500182137169,
                                14.720903233981057
                            ],
                            [
                                120.994561753821941,
                                14.722245871161926
                            ],
                            [
                                120.991431478341113,
                                14.724036041209764
                            ],
                            [
                                120.990778203458177,
                                14.72390441155982
                            ],
                            [
                                120.990043269214837,
                                14.724167670780233
                            ],
                            [
                                120.989199455824334,
                                14.722851371499491
                            ],
                            [
                                120.987076312454732,
                                14.722851371499491
                            ],
                            [
                                120.98710353224152,
                                14.723272588133918
                            ],
                            [
                                120.986559136505733,
                                14.723272588133918
                            ],
                            [
                                120.985497564820932,
                                14.722087914275603
                            ],
                            [
                                120.985279806526577,
                                14.722245871161926
                            ]
                        ]
                    ]
                ]
            }
        },
        {
            "type": "Feature",
            "properties": {
                "id": 2,
                "barangay": "Punturin",
                "logo": "assets/barangays/punturin.webp"
            },
            "geometry": {
                "type": "MultiPolygon",
                "coordinates": [
                    [
                        [
                            [
                                120.981714014457083,
                                14.731828374855953
                            ],
                            [
                                120.981387377015622,
                                14.739620429856791
                            ],
                            [
                                120.983075003796586,
                                14.742989880820089
                            ],
                            [
                                120.984925949298315,
                                14.742989880820089
                            ],
                            [
                                120.986967433307541,
                                14.743621647071167
                            ],
                            [
                                120.988573400728143,
                                14.742805615318225
                            ],
                            [
                                120.99137703876751,
                                14.744227088008238
                            ],
                            [
                                120.99262914895985,
                                14.743805911882415
                            ],
                            [
                                120.993255204056013,
                                14.742700320675718
                            ],
                            [
                                120.99401735808614,
                                14.743332087766973
                            ],
                            [
                                120.995106149557742,
                                14.742752968003334
                            ],
                            [
                                120.995269468278437,
                                14.743726941268118
                            ],
                            [
                                120.996657677404755,
                                14.742437083846674
                            ],
                            [
                                120.996576018044379,
                                14.741357809520464
                            ],
                            [
                                120.997664809515982,
                                14.740041614078345
                            ],
                            [
                                120.997664809515982,
                                14.739304541156072
                            ],
                            [
                                120.999542974804484,
                                14.738277899714525
                            ],
                            [
                                121.001148942225058,
                                14.738541141571131
                            ],
                            [
                                121.001856656681611,
                                14.736672117499694
                            ],
                            [
                                121.003217646021142,
                                14.736040331088267
                            ],
                            [
                                121.004143118771992,
                                14.735592814604876
                            ],
                            [
                                121.006266262141594,
                                14.736303575649046
                            ],
                            [
                                121.007300614039607,
                                14.735908708688585
                            ],
                            [
                                121.007572811907522,
                                14.735513841012379
                            ],
                            [
                                121.006701778730246,
                                14.734381883040557
                            ],
                            [
                                121.005177470669977,
                                14.73356581666828
                            ],
                            [
                                121.004660294720992,
                                14.732644447735636
                            ],
                            [
                                121.005286349817169,
                                14.731565124887954
                            ],
                            [
                                121.00237383263061,
                                14.731196574398478
                            ],
                            [
                                120.999570194591257,
                                14.732328548918959
                            ],
                            [
                                120.993064665548502,
                                14.730248870277698
                            ],
                            [
                                120.991622016848595,
                                14.732354873837846
                            ],
                            [
                                120.991730895995758,
                                14.733776414734399
                            ],
                            [
                                120.990696544097773,
                                14.734566155669324
                            ],
                            [
                                120.990261027509121,
                                14.734144960860281
                            ],
                            [
                                120.988900038169618,
                                14.734197610255938
                            ],
                            [
                                120.988491741367767,
                                14.732986670936862
                            ],
                            [
                                120.987375730109392,
                                14.733118295101908
                            ],
                            [
                                120.987294070749044,
                                14.732644447735636
                            ],
                            [
                                120.986722455226428,
                                14.732644447735636
                            ],
                            [
                                120.986123619917038,
                                14.732460173481568
                            ],
                            [
                                120.985579224181251,
                                14.732670772616348
                            ],
                            [
                                120.985307026313365,
                                14.732512823284345
                            ],
                            [
                                120.984708191003961,
                                14.732828721833855
                            ],
                            [
                                120.983456080811635,
                                14.732670772616348
                            ],
                            [
                                120.983183882943749,
                                14.732144274397744
                            ],
                            [
                                120.983510520385224,
                                14.731828374855953
                            ],
                            [
                                120.983238322517309,
                                14.731433499784695
                            ],
                            [
                                120.982585047634373,
                                14.731433499784695
                            ],
                            [
                                120.981714014457083,
                                14.731828374855953
                            ]
                        ]
                    ]
                ]
            }
        },
        {
            "type": "Feature",
            "properties": {
                "id": 3,
                "barangay": "Bignay",
                "logo": "assets/barangays/bignay.webp"
            },
            "geometry": {
                "type": "MultiPolygon",
                "coordinates": [
                    [
                        [
                            [
                                120.983092834053849,
                                14.743044905592976
                            ],
                            [
                                120.983388421816784,
                                14.743698289936203
                            ],
                            [
                                120.983303968170247,
                                14.744760035311906
                            ],
                            [
                                120.983810690049637,
                                14.745617595104434
                            ],
                            [
                                120.984359638752267,
                                14.745699267289449
                            ],
                            [
                                120.984824133808345,
                                14.747128525566909
                            ],
                            [
                                120.985161948394591,
                                14.747618554815968
                            ],
                            [
                                120.98642875309298,
                                14.747536883351065
                            ],
                            [
                                120.986724340855943,
                                14.746556823382051
                            ],
                            [
                                120.988666774726838,
                                14.745821775509508
                            ],
                            [
                                120.989595764839009,
                                14.746270971726553
                            ],
                            [
                                120.990060259895088,
                                14.746270971726553
                            ],
                            [
                                120.991918240119389,
                                14.747455211855527
                            ],
                            [
                                120.992087147412519,
                                14.748516938907244
                            ],
                            [
                                120.991242610946927,
                                14.749333648499588
                            ],
                            [
                                120.991242610946927,
                                14.75080371804237
                            ],
                            [
                                120.991918240119389,
                                14.751457079095951
                            ],
                            [
                                120.991327064593492,
                                14.752845464821121
                            ],
                            [
                                120.99153819870989,
                                14.753784661905806
                            ],
                            [
                                120.992593869291852,
                                14.753825496469696
                            ],
                            [
                                120.995169705511969,
                                14.75545887274038
                            ],
                            [
                                120.995296385981788,
                                14.756153053941819
                            ],
                            [
                                120.995845334684461,
                                14.756479726681862
                            ],
                            [
                                120.996605417503488,
                                14.756357224461842
                            ],
                            [
                                120.997238819852697,
                                14.756765564926964
                            ],
                            [
                                120.998041129495007,
                                14.756724730914947
                            ],
                            [
                                120.998547851374369,
                                14.75541803848308
                            ],
                            [
                                121.000659192538407,
                                14.753621323573618
                            ],
                            [
                                121.001799316766949,
                                14.75113039881438
                            ],
                            [
                                121.006613174620895,
                                14.746189299756031
                            ],
                            [
                                121.007457711086474,
                                14.745903447617911
                            ],
                            [
                                121.007499937909756,
                                14.744637526494355
                            ],
                            [
                                121.008724515784905,
                                14.743698289936203
                            ],
                            [
                                121.009315691310803,
                                14.742309845863169
                            ],
                            [
                                121.008175567082247,
                                14.742309845863169
                            ],
                            [
                                121.00669762826746,
                                14.741411436156895
                            ],
                            [
                                121.007331030616641,
                                14.739083721039391
                            ],
                            [
                                121.006824308737293,
                                14.737940272922
                            ],
                            [
                                121.009146784017673,
                                14.736265927348448
                            ],
                            [
                                121.007626618379604,
                                14.735694196644044
                            ],
                            [
                                121.006317586857932,
                                14.736265927348448
                            ],
                            [
                                121.004079565224075,
                                14.735694196644044
                            ],
                            [
                                121.002010450883361,
                                14.736715143277795
                            ],
                            [
                                121.001208141241023,
                                14.738593672581294
                            ],
                            [
                                120.999519068309823,
                                14.738430322850229
                            ],
                            [
                                120.997745541732058,
                                14.739451256659361
                            ],
                            [
                                120.99770331490879,
                                14.740186326038545
                            ],
                            [
                                120.996816551619887,
                                14.741288925455212
                            ],
                            [
                                120.996689871150053,
                                14.742473192684233
                            ],
                            [
                                120.995338612805071,
                                14.743820799282277
                            ],
                            [
                                120.995085251865405,
                                14.742881559200796
                            ],
                            [
                                120.993818447166987,
                                14.743371598009686
                            ],
                            [
                                120.993438405757487,
                                14.742881559200796
                            ],
                            [
                                120.992805003408279,
                                14.743820799282277
                            ],
                            [
                                120.991327064593492,
                                14.74435167231864
                            ],
                            [
                                120.98854009425699,
                                14.743004069006419
                            ],
                            [
                                120.987019928618921,
                                14.743698289936203
                            ],
                            [
                                120.98490858745491,
                                14.743044905592976
                            ],
                            [
                                120.983092834053849,
                                14.743044905592976
                            ]
                        ]
                    ]
                ]
            }
        },
        {
            "type": "Feature",
            "properties": {
                "id": 4,
                "barangay": "Canumay East",
                "logo": "assets/barangays/canumay_east.webp"
            },
            "geometry": {
                "type": "MultiPolygon",
                "coordinates": [
                    [
                        [
                            [
                                120.992847230231533,
                                14.708331045410276
                            ],
                            [
                                120.985288628864382,
                                14.722176412276344
                            ],
                            [
                                120.985541989804062,
                                14.722053890759939
                            ],
                            [
                                120.986639887209364,
                                14.723238262534702
                            ],
                            [
                                120.986935474972299,
                                14.723238262534702
                            ],
                            [
                                120.986935474972299,
                                14.722625657247498
                            ],
                            [
                                120.989215723429453,
                                14.722748178442632
                            ],
                            [
                                120.990144713541582,
                                14.72413674717582
                            ],
                            [
                                120.990651435420972,
                                14.723769185724695
                            ],
                            [
                                120.991495971886565,
                                14.723932546446141
                            ],
                            [
                                120.994367395869617,
                                14.722298933723907
                            ],
                            [
                                120.993522859404024,
                                14.720992034734101
                            ],
                            [
                                120.993438405757473,
                                14.72074699030154
                            ],
                            [
                                120.996732097973307,
                                14.721155397536158
                            ],
                            [
                                120.99791444902516,
                                14.71854157801843
                            ],
                            [
                                120.997281046675951,
                                14.718296530832596
                            ],
                            [
                                120.997787768555327,
                                14.716540351277827
                            ],
                            [
                                120.997323273499234,
                                14.715355943129893
                            ],
                            [
                                120.998463397727804,
                                14.713109634153014
                            ],
                            [
                                120.994705210455834,
                                14.710209819278489
                            ],
                            [
                                120.992847230231533,
                                14.708331045410276
                            ]
                        ]
                    ]
                ]
            }
        },
        {
            "type": "Feature",
            "properties": {
                "id": 5,
                "barangay": "Bagbaguin",
                "logo": "assets/barangays/bagbaguin.webp"
            },
            "geometry": {
                "type": "MultiPolygon",
                "coordinates": [
                    [
                        [
                            [
                                121.002608392554649,
                                14.725595096948849
                            ],
                            [
                                121.002608392554649,
                                14.724790157263575
                            ],
                            [
                                121.001942572673755,
                                14.722777795048369
                            ],
                            [
                                121.002317096356791,
                                14.721409378133291
                            ],
                            [
                                121.001276752792904,
                                14.720886157631657
                            ],
                            [
                                121.000610932911997,
                                14.720282440108324
                            ],
                            [
                                121.000278022971557,
                                14.718511525732124
                            ],
                            [
                                121.000610932911997,
                                14.716177116630966
                            ],
                            [
                                121.001609662733301,
                                14.715372142182972
                            ],
                            [
                                121.000278022971557,
                                14.714406168924672
                            ],
                            [
                                121.003565508633471,
                                14.713077948711232
                            ],
                            [
                                121.00394003231645,
                                14.712232713456562
                            ],
                            [
                                121.005063603365443,
                                14.712353461550546
                            ],
                            [
                                121.009433046333811,
                                14.711870468773714
                            ],
                            [
                                121.010723072353073,
                                14.71259495753805
                            ],
                            [
                                121.010723072353073,
                                14.711789969873655
                            ],
                            [
                                121.012470849540378,
                                14.710139735878156
                            ],
                            [
                                121.013303124391527,
                                14.710260485130224
                            ],
                            [
                                121.014801219123527,
                                14.709777487721077
                            ],
                            [
                                121.014717991638435,
                                14.708207738759317
                            ],
                            [
                                121.015924790172519,
                                14.706034221559738
                            ],
                            [
                                121.015050901578874,
                                14.70494745484458
                            ],
                            [
                                121.013469579361754,
                                14.705430462941438
                            ],
                            [
                                121.011055982293527,
                                14.704907204121612
                            ],
                            [
                                121.009932411244506,
                                14.705188959026579
                            ],
                            [
                                121.008850453938038,
                                14.70510845766227
                            ],
                            [
                                121.008808840195499,
                                14.707080732542547
                            ],
                            [
                                121.007851724116705,
                                14.707644236378293
                            ],
                            [
                                121.006436856869783,
                                14.707805237207033
                            ],
                            [
                                121.005105217108039,
                                14.708489489404302
                            ],
                            [
                                121.004397783484563,
                                14.707684486596611
                            ],
                            [
                                121.004564238454819,
                                14.706839230453344
                            ],
                            [
                                121.00319098495045,
                                14.706557477678261
                            ],
                            [
                                121.003690349861131,
                                14.705752467745654
                            ],
                            [
                                121.001734503961018,
                                14.705752467745654
                            ],
                            [
                                121.00106868408011,
                                14.705712217171103
                            ],
                            [
                                121.000153181743883,
                                14.705752467745654
                            ],
                            [
                                121.00073577413967,
                                14.706436726377618
                            ],
                            [
                                121.000527705426904,
                                14.7070404822129
                            ],
                            [
                                121.001193525307784,
                                14.7070404822129
                            ],
                            [
                                121.001984186416337,
                                14.707322234364563
                            ],
                            [
                                121.001859345188677,
                                14.708006488075954
                            ],
                            [
                                120.998072494616082,
                                14.708247988873726
                            ],
                            [
                                120.998155722101217,
                                14.712836453258278
                            ],
                            [
                                120.998488632041656,
                                14.713118197927404
                            ],
                            [
                                120.997406674735217,
                                14.715291644574803
                            ],
                            [
                                120.997781198418167,
                                14.716499105578468
                            ],
                            [
                                120.997448288477742,
                                14.718189539755217
                            ],
                            [
                                120.997822812160763,
                                14.718511525732124
                            ],
                            [
                                120.997573129705415,
                                14.719477480810815
                            ],
                            [
                                120.999612203090649,
                                14.720604422995418
                            ],
                            [
                                120.998904769467188,
                                14.72189234978978
                            ],
                            [
                                120.999778658060876,
                                14.722657052724829
                            ],
                            [
                                120.99998672677367,
                                14.724347439169865
                            ],
                            [
                                120.999404134377883,
                                14.725595096948849
                            ],
                            [
                                121.002608392554649,
                                14.725595096948849
                            ]
                        ]
                    ]
                ]
            }
        },
        {
            "type": "Feature",
            "properties": {
                "id": 6,
                "barangay": "Ugong",
                "logo": "assets/barangays/ugong.webp"
            },
            "geometry": {
                "type": "MultiPolygon",
                "coordinates": [
                    [
                        [
                            [
                                121.008783209679166,
                                14.705052760448764
                            ],
                            [
                                121.009895469949498,
                                14.705097586635732
                            ],
                            [
                                121.011054074397805,
                                14.704873455608869
                            ],
                            [
                                121.013417627472279,
                                14.705366543564239
                            ],
                            [
                                121.015225050411587,
                                14.70482862937588
                            ],
                            [
                                121.014159134319158,
                                14.704335540205618
                            ],
                            [
                                121.013973757607431,
                                14.702901092651196
                            ],
                            [
                                121.014251822675035,
                                14.70160111641524
                            ],
                            [
                                121.016105589792232,
                                14.702318345640387
                            ],
                            [
                                121.017588603486033,
                                14.702094211760588
                            ],
                            [
                                121.018237421977091,
                                14.700301132440494
                            ],
                            [
                                121.020183877450165,
                                14.698777003443301
                            ],
                            [
                                121.020230221628125,
                                14.698194245427748
                            ],
                            [
                                121.021110761008813,
                                14.697970107315463
                            ],
                            [
                                121.023335281549507,
                                14.695728713543335
                            ],
                            [
                                121.023845067506727,
                                14.694518351344293
                            ],
                            [
                                121.024540230175688,
                                14.694249381056126
                            ],
                            [
                                121.024447541819839,
                                14.693218325217423
                            ],
                            [
                                121.024030444218468,
                                14.692276922159103
                            ],
                            [
                                121.023984100040536,
                                14.690976882696802
                            ],
                            [
                                121.023057216481916,
                                14.690394103875613
                            ],
                            [
                                121.022176677101186,
                                14.690169957761359
                            ],
                            [
                                121.021249793542594,
                                14.690573420601506
                            ],
                            [
                                121.021388826076404,
                                14.691290686033732
                            ],
                            [
                                121.020647319229496,
                                14.691470002023959
                            ],
                            [
                                121.019535058959164,
                                14.691245857013191
                            ],
                            [
                                121.017866668553623,
                                14.692187264513452
                            ],
                            [
                                121.0164763432157,
                                14.691604488920069
                            ],
                            [
                                121.015132362055738,
                                14.692187264513452
                            ],
                            [
                                121.012954185692976,
                                14.689766494176396
                            ],
                            [
                                121.013324939116416,
                                14.688869905765451
                            ],
                            [
                                121.01383472507365,
                                14.687883654265503
                            ],
                            [
                                121.013695692539841,
                                14.687614675811387
                            ],
                            [
                                121.014159134319158,
                                14.687211207509618
                            ],
                            [
                                121.014159134319158,
                                14.686673248615532
                            ],
                            [
                                121.013695692539841,
                                14.685776647516859
                            ],
                            [
                                121.013788380895718,
                                14.684790382061216
                            ],
                            [
                                121.013417627472279,
                                14.684431738974254
                            ],
                            [
                                121.012676120625358,
                                14.682817837802981
                            ],
                            [
                                121.011841925422615,
                                14.682459191480561
                            ],
                            [
                                121.010822353508146,
                                14.682817837802981
                            ],
                            [
                                121.00665137749435,
                                14.686224948525847
                            ],
                            [
                                121.004334168597779,
                                14.687345697026284
                            ],
                            [
                                121.004704922021233,
                                14.688556098952722
                            ],
                            [
                                121.00516836380055,
                                14.688690587641917
                            ],
                            [
                                121.004473201131589,
                                14.689587176788441
                            ],
                            [
                                121.006234279892936,
                                14.691245857013191
                            ],
                            [
                                121.005539117223975,
                                14.691873462463983
                            ],
                            [
                                121.00544642886814,
                                14.693173496592335
                            ],
                            [
                                121.006002559003292,
                                14.694070067346725
                            ],
                            [
                                121.005631805579881,
                                14.695594229185687
                            ],
                            [
                                121.008041702832273,
                                14.69662527381192
                            ],
                            [
                                121.006605033316404,
                                14.698866658384611
                            ],
                            [
                                121.004936642910863,
                                14.699359759903995
                            ],
                            [
                                121.00489029873296,
                                14.700794230721172
                            ],
                            [
                                121.006002559003292,
                                14.701108019956457
                            ],
                            [
                                121.005817182291565,
                                14.702452825857838
                            ],
                            [
                                121.007114819273653,
                                14.702990745899433
                            ],
                            [
                                121.008412456255712,
                                14.702363172388742
                            ],
                            [
                                121.008783209679166,
                                14.705052760448764
                            ]
                        ]
                    ]
                ]
            }
        },
        {
            "type": "Feature",
            "properties": {
                "id": 7,
                "barangay": "Mapulang Lupa",
                "logo": "assets/barangays/mapulang_lupa.webp"
            },
            "geometry": {
                "type": "MultiPolygon",
                "coordinates": [
                    [
                        [
                            [
                                120.999194437382315,
                                14.696370660762076
                            ],
                            [
                                120.997201407352293,
                                14.700198339143295
                            ],
                            [
                                120.99832790258661,
                                14.700701240806254
                            ],
                            [
                                120.998761169984476,
                                14.702629019785673
                            ],
                            [
                                120.99988766521885,
                                14.701958489896997
                            ],
                            [
                                121.000292048123512,
                                14.70232169384229
                            ],
                            [
                                120.999714358259709,
                                14.702712835876984
                            ],
                            [
                                120.999309975355075,
                                14.703271608996841
                            ],
                            [
                                120.998645632011701,
                                14.703327486230179
                            ],
                            [
                                120.998530094038969,
                                14.704417089422117
                            ],
                            [
                                120.99861674751854,
                                14.704556781745779
                            ],
                            [
                                120.998385671573033,
                                14.705422872157484
                            ],
                            [
                                120.998818938970842,
                                14.705674317117335
                            ],
                            [
                                120.999772127246104,
                                14.705534625508733
                            ],
                            [
                                121.000205394643913,
                                14.705674317117335
                            ],
                            [
                                121.003642649333415,
                                14.705758132039588
                            ],
                            [
                                121.003267150921943,
                                14.706512464891837
                            ],
                            [
                                121.004624722101823,
                                14.706735970421558
                            ],
                            [
                                121.004393646156288,
                                14.707685866369808
                            ],
                            [
                                121.005029105006486,
                                14.70841225459991
                            ],
                            [
                                121.006357791693191,
                                14.707713804423353
                            ],
                            [
                                121.007773131859437,
                                14.707657928312685
                            ],
                            [
                                121.00872632013467,
                                14.707099166419269
                            ],
                            [
                                121.008841858107388,
                                14.705199365283397
                            ],
                            [
                                121.008379706216374,
                                14.702405510051564
                            ],
                            [
                                121.007051019529698,
                                14.702992222615654
                            ],
                            [
                                121.005751217336197,
                                14.702433448780836
                            ],
                            [
                                121.0059534087885,
                                14.701176202424588
                            ],
                            [
                                121.004826913554155,
                                14.700868874436564
                            ],
                            [
                                121.004913567033711,
                                14.699360167131612
                            ],
                            [
                                121.004278108183556,
                                14.699304288883132
                            ],
                            [
                                121.004162570210809,
                                14.698186720911398
                            ],
                            [
                                121.002573923085393,
                                14.697572056089623
                            ],
                            [
                                121.000869737987287,
                                14.697516177383692
                            ],
                            [
                                120.999194437382315,
                                14.696370660762076
                            ]
                        ]
                    ]
                ]
            }
        },
        {
            "type": "Feature",
            "properties": {
                "id": 8,
                "barangay": "Paso De Blas",
                "logo": "assets/barangays/paso_de_blas.webp"
            },
            "geometry": {
                "type": "MultiPolygon",
                "coordinates": [
                    [
                        [
                            [
                                120.983128173005923,
                                14.704950713635352
                            ],
                            [
                                120.983817467249622,
                                14.704950713635352
                            ],
                            [
                                120.98644931799825,
                                14.705465903419537
                            ],
                            [
                                120.986762633563572,
                                14.705284071869825
                            ],
                            [
                                120.987545922476869,
                                14.705890176446569
                            ],
                            [
                                120.988548532285861,
                                14.705890176446569
                            ],
                            [
                                120.989081168746907,
                                14.7066174997174
                            ],
                            [
                                120.989801794547148,
                                14.70640536401373
                            ],
                            [
                                120.991305709260658,
                                14.708193358490762
                            ],
                            [
                                120.993060276426419,
                                14.708344882773259
                            ],
                            [
                                120.994752180479111,
                                14.710163165958175
                            ],
                            [
                                120.998167320141022,
                                14.712739041204287
                            ],
                            [
                                120.998010662358368,
                                14.70822366335568
                            ],
                            [
                                121.001833112255227,
                                14.707950919419975
                            ],
                            [
                                121.001927106924825,
                                14.707375125547644
                            ],
                            [
                                121.001112486455028,
                                14.707072075531087
                            ],
                            [
                                121.000423192211329,
                                14.707102380551676
                            ],
                            [
                                121.000673844663567,
                                14.706344753774816
                            ],
                            [
                                121.000172539759049,
                                14.705799260867332
                            ],
                            [
                                120.999827892637228,
                                14.705617429595273
                            ],
                            [
                                120.998793951271679,
                                14.705708345250237
                            ],
                            [
                                120.998292646367176,
                                14.705496208663098
                            ],
                            [
                                120.998574630375956,
                                14.704526438782585
                            ],
                            [
                                120.998480635706372,
                                14.704344606450428
                            ],
                            [
                                120.998605961932483,
                                14.703314220374493
                            ],
                            [
                                120.999326587732725,
                                14.703192998163521
                            ],
                            [
                                120.999608571741476,
                                14.70264749738134
                            ],
                            [
                                121.000172539759049,
                                14.702405052151816
                            ],
                            [
                                121.000203871315591,
                                14.702283829436114
                            ],
                            [
                                120.99985922419377,
                                14.702041383802822
                            ],
                            [
                                120.998731288158609,
                                14.702708108646657
                            ],
                            [
                                120.998261314810634,
                                14.700738233912135
                            ],
                            [
                                120.997133378775501,
                                14.700192726997837
                            ],
                            [
                                120.998229983254106,
                                14.698040991993595
                            ],
                            [
                                120.996193432079565,
                                14.698071298267591
                            ],
                            [
                                120.99537881160974,
                                14.698374360776306
                            ],
                            [
                                120.994344870244191,
                                14.69828344206784
                            ],
                            [
                                120.993937560009272,
                                14.698647116674614
                            ],
                            [
                                120.9939688915658,
                                14.697010576175789
                            ],
                            [
                                120.993467586661325,
                                14.697010576175789
                            ],
                            [
                                120.993091607982933,
                                14.697343946531099
                            ],
                            [
                                120.992464976852332,
                                14.697283333777067
                            ],
                            [
                                120.99086706746921,
                                14.698010685715387
                            ],
                            [
                                120.990365762564721,
                                14.69876834140898
                            ],
                            [
                                120.989676468321022,
                                14.698647116674614
                            ],
                            [
                                120.988893179407711,
                                14.698889566076064
                            ],
                            [
                                120.987921901155261,
                                14.699465382325876
                            ],
                            [
                                120.987326601581145,
                                14.699465382325876
                            ],
                            [
                                120.986574644224376,
                                14.700798845707395
                            ],
                            [
                                120.987075949128908,
                                14.701283739463832
                            ],
                            [
                                120.98582268686765,
                                14.702041383802822
                            ],
                            [
                                120.985258718850076,
                                14.70304147030517
                            ],
                            [
                                120.983128173005923,
                                14.704950713635352
                            ]
                        ]
                    ]
                ]
            }
        },
        {
            "type": "Feature",
            "properties": {
                "id": 9,
                "barangay": "Lingunan",
                "logo": "assets/barangays/lingunan.webp"
            },
            "geometry": {
                "type": "MultiPolygon",
                "coordinates": [
                    [
                        [
                            [
                                120.983241166677573,
                                14.708474865799236
                            ],
                            [
                                120.983790734043552,
                                14.707447184275326
                            ],
                            [
                                120.980200227252567,
                                14.706242310120214
                            ],
                            [
                                120.979540746413406,
                                14.706702998082436
                            ],
                            [
                                120.979101092520636,
                                14.70631318525461
                            ],
                            [
                                120.978661438627881,
                                14.706348622813174
                            ],
                            [
                                120.978148509086282,
                                14.705746183535172
                            ],
                            [
                                120.977269201300786,
                                14.70581705883064
                            ],
                            [
                                120.976719633934806,
                                14.705675308216701
                            ],
                            [
                                120.973971797104994,
                                14.708191367931096
                            ],
                            [
                                120.973312316265833,
                                14.708581177404856
                            ],
                            [
                                120.973202402792637,
                                14.710778272327184
                            ],
                            [
                                120.972506284129096,
                                14.711451571182028
                            ],
                            [
                                120.972469646304688,
                                14.712337487562873
                            ],
                            [
                                120.971736889816739,
                                14.712762726148114
                            ],
                            [
                                120.971920078938709,
                                14.714073873235577
                            ],
                            [
                                120.971480425045954,
                                14.714215618394716
                            ],
                            [
                                120.974411450997763,
                                14.71534957635258
                            ],
                            [
                                120.973422229739043,
                                14.716341784730744
                            ],
                            [
                                120.972213181533903,
                                14.716341784730744
                            ],
                            [
                                120.971114046801972,
                                14.717475731636871
                            ],
                            [
                                120.970601117260429,
                                14.717475731636871
                            ],
                            [
                                120.969648533826089,
                                14.718645108209758
                            ],
                            [
                                120.969428706879683,
                                14.719460124537859
                            ],
                            [
                                120.969868360772466,
                                14.720381443676064
                            ],
                            [
                                120.969795085123664,
                                14.721976025294108
                            ],
                            [
                                120.971434911670002,
                                14.722973961777122
                            ],
                            [
                                120.97154065218983,
                                14.723553483230681
                            ],
                            [
                                120.972113328294228,
                                14.723537525704549
                            ],
                            [
                                120.97237430725626,
                                14.724210616150742
                            ],
                            [
                                120.974056171678413,
                                14.723817980309652
                            ],
                            [
                                120.973940181028638,
                                14.724603251284737
                            ],
                            [
                                120.974438342271981,
                                14.724972984146701
                            ],
                            [
                                120.975239434490518,
                                14.724904114625332
                            ],
                            [
                                120.975417454983514,
                                14.725007418899228
                            ],
                            [
                                120.975310642687717,
                                14.725627243514644
                            ],
                            [
                                120.977162055814944,
                                14.725041853646319
                            ],
                            [
                                120.978336991068772,
                                14.724129331010829
                            ],
                            [
                                120.979583134519743,
                                14.724938549388742
                            ],
                            [
                                120.980580049280562,
                                14.724473679623863
                            ],
                            [
                                120.981363339449786,
                                14.724714723329383
                            ],
                            [
                                120.981345537400486,
                                14.725782199393139
                            ],
                            [
                                120.982627284950084,
                                14.725214027300174
                            ],
                            [
                                120.983357168971366,
                                14.725541156867887
                            ],
                            [
                                120.985315394394405,
                                14.722080445518531
                            ],
                            [
                                120.984923749309814,
                                14.720909645164827
                            ],
                            [
                                120.980366424688981,
                                14.719532224936414
                            ],
                            [
                                120.978862151523131,
                                14.717625344450084
                            ],
                            [
                                120.978078861353936,
                                14.717005497090048
                            ],
                            [
                                120.979004567917514,
                                14.716058504666742
                            ],
                            [
                                120.979360608903519,
                                14.716058504666742
                            ],
                            [
                                120.979912472431849,
                                14.715404216591105
                            ],
                            [
                                120.980286315467154,
                                14.71547308911253
                            ],
                            [
                                120.98146125072094,
                                14.714216162174173
                            ],
                            [
                                120.98201346409455,
                                14.714164558769165
                            ],
                            [
                                120.983712809323819,
                                14.71222873674173
                            ],
                            [
                                120.982287864026091,
                                14.711990490751388
                            ],
                            [
                                120.977839351858336,
                                14.710524392214174
                            ],
                            [
                                120.977740496032368,
                                14.709249515914886
                            ],
                            [
                                120.979783516435347,
                                14.710046314474651
                            ],
                            [
                                120.981200449940616,
                                14.710046314474651
                            ],
                            [
                                120.980574363042948,
                                14.709568235687877
                            ],
                            [
                                120.981826536838298,
                                14.70768778229961
                            ],
                            [
                                120.983241166677573,
                                14.708474865799236
                            ]
                        ]
                    ]
                ]
            }
        },
        {
            "type": "Feature",
            "properties": {
                "id": 10,
                "barangay": "Canumay West",
                "logo": "assets/barangays/canumay_west.webp"
            },
            "geometry": {
                "type": "MultiPolygon",
                "coordinates": [
                    [
                        [
                            [
                                120.980249638233687,
                                14.70622679337127
                            ],
                            [
                                120.98383624416384,
                                14.707383160084005
                            ],
                            [
                                120.983178699743334,
                                14.708481702787028
                            ],
                            [
                                120.981803834136755,
                                14.707758977946687
                            ],
                            [
                                120.980638187209422,
                                14.709551331158927
                            ],
                            [
                                120.981235954864445,
                                14.710158415200221
                            ],
                            [
                                120.979771424109657,
                                14.710100597745233
                            ],
                            [
                                120.97779879084807,
                                14.709377878265535
                            ],
                            [
                                120.97779879084807,
                                14.710447502245394
                            ],
                            [
                                120.98222227149526,
                                14.711892931727016
                            ],
                            [
                                120.983776467398314,
                                14.712268741823998
                            ],
                            [
                                120.982072829581483,
                                14.714147782600019
                            ],
                            [
                                120.981385396778222,
                                14.714263415349977
                            ],
                            [
                                120.980369191764694,
                                14.715535371554727
                            ],
                            [
                                120.979890977640679,
                                14.715448647503617
                            ],
                            [
                                120.979382875133879,
                                14.71611353101442
                            ],
                            [
                                120.979054102923612,
                                14.71614243894718
                            ],
                            [
                                120.978157451441049,
                                14.717038582962756
                            ],
                            [
                                120.978934549392619,
                                14.717558922959777
                            ],
                            [
                                120.980369191764694,
                                14.71955354811571
                            ],
                            [
                                120.984912225942907,
                                14.720854380780933
                            ],
                            [
                                120.985330663301411,
                                14.721952855655411
                            ],
                            [
                                120.992772870606515,
                                14.708279340072952
                            ],
                            [
                                120.99124856308616,
                                14.708221522120185
                            ],
                            [
                                120.989873697479624,
                                14.706486976415716
                            ],
                            [
                                120.989096599528082,
                                14.706718249972658
                            ],
                            [
                                120.988498831873059,
                                14.705937700735975
                            ],
                            [
                                120.987482626859489,
                                14.705937700735975
                            ],
                            [
                                120.986645752142451,
                                14.705359514316889
                            ],
                            [
                                120.986526198611472,
                                14.705504061065222
                            ],
                            [
                                120.98383624416384,
                                14.704983692323335
                            ],
                            [
                                120.983118922977795,
                                14.705012601730425
                            ],
                            [
                                120.982401601791793,
                                14.705214967472854
                            ],
                            [
                                120.982580932088297,
                                14.705706426352092
                            ],
                            [
                                120.98198316443326,
                                14.706400248768686
                            ],
                            [
                                120.980847405888696,
                                14.706024428566765
                            ],
                            [
                                120.980249638233687,
                                14.70622679337127
                            ]
                        ]
                    ]
                ]
            }
        },
        {
            "type": "Feature",
            "properties": {
                "id": 11,
                "barangay": "Parada",
                "logo": "assets/barangays/parada.webp"
            },
            "geometry": {
                "type": "MultiPolygon",
                "coordinates": [
                    [
                        [
                            [
                                120.988099483404937,
                                14.69399907635743
                            ],
                            [
                                120.988051692469256,
                                14.697073210140093
                            ],
                            [
                                120.986856919076217,
                                14.698159547823833
                            ],
                            [
                                120.987860528726372,
                                14.698113320798415
                            ],
                            [
                                120.988577392762167,
                                14.698552477144894
                            ],
                            [
                                120.988816347440775,
                                14.698899178899991
                            ],
                            [
                                120.989724375219453,
                                14.698552477144894
                            ],
                            [
                                120.990417343787428,
                                14.698714271365755
                            ],
                            [
                                120.990751880337456,
                                14.69795152613241
                            ],
                            [
                                120.992591831362716,
                                14.697211891847347
                            ],
                            [
                                120.99309363618778,
                                14.697188778235585
                            ],
                            [
                                120.993499859141409,
                                14.696957641983454
                            ],
                            [
                                120.993977768498581,
                                14.696980755619672
                            ],
                            [
                                120.993977768498581,
                                14.698621817539934
                            ],
                            [
                                120.994288409580804,
                                14.698252001845324
                            ],
                            [
                                120.995411496570227,
                                14.698275115344574
                            ],
                            [
                                120.996032778734602,
                                14.697997753192066
                            ],
                            [
                                120.998278952713463,
                                14.697974639663457
                            ],
                            [
                                120.999139189556431,
                                14.696287345469266
                            ],
                            [
                                121.000835767774547,
                                14.697466141415321
                            ],
                            [
                                121.002508450524758,
                                14.697512368577692
                            ],
                            [
                                121.004205028742817,
                                14.698113320798415
                            ],
                            [
                                121.004300610614266,
                                14.69929210689047
                            ],
                            [
                                121.004969683714378,
                                14.699361447050707
                            ],
                            [
                                121.006594575528865,
                                14.698852952031102
                            ],
                            [
                                121.008004408132649,
                                14.696610937146696
                            ],
                            [
                                121.005590965878753,
                                14.695617046898377
                            ],
                            [
                                121.004539565292873,
                                14.695801957054384
                            ],
                            [
                                121.004491774357149,
                                14.694530696571141
                            ],
                            [
                                121.003846596724955,
                                14.694207101812497
                            ],
                            [
                                120.999832158124406,
                                14.694045304253448
                            ],
                            [
                                120.995913301395262,
                                14.69335188478618
                            ],
                            [
                                120.994742423470143,
                                14.692889603918777
                            ],
                            [
                                120.993643231948553,
                                14.69335188478618
                            ],
                            [
                                120.991492639841141,
                                14.693282542718412
                            ],
                            [
                                120.98996332989806,
                                14.693929734495057
                            ],
                            [
                                120.988099483404937,
                                14.69399907635743
                            ]
                        ]
                    ]
                ]
            }
        },
        {
            "type": "Feature",
            "properties": {
                "id": 12,
                "barangay": "Gen T De Leon",
                "logo": "assets/barangays/gen_t_de_leon.webp"
            },
            "geometry": {
                "type": "MultiPolygon",
                "coordinates": [
                    [
                        [
                            [
                                120.985727411928607,
                                14.686024553463112
                            ],
                            [
                                120.98325609769357,
                                14.687834553103905
                            ],
                            [
                                120.98442114583294,
                                14.689166430060212
                            ],
                            [
                                120.984279927876628,
                                14.690566599647926
                            ],
                            [
                                120.98555088948325,
                                14.690805652095671
                            ],
                            [
                                120.985692107439505,
                                14.6902592461166
                            ],
                            [
                                120.986751242111694,
                                14.690498298900545
                            ],
                            [
                                120.986963069046126,
                                14.688995677057815
                            ],
                            [
                                120.988234030652734,
                                14.688756622630349
                            ],
                            [
                                120.988657684521584,
                                14.690532449276898
                            ],
                            [
                                120.988728293499719,
                                14.691044704281927
                            ],
                            [
                                120.989081338390463,
                                14.691556958086231
                            ],
                            [
                                120.988234030652734,
                                14.693264462094813
                            ],
                            [
                                120.988163421674571,
                                14.693947459962208
                            ],
                            [
                                120.989787428171894,
                                14.693913310119543
                            ],
                            [
                                120.991340825691069,
                                14.693264462094813
                            ],
                            [
                                120.993670921969837,
                                14.693298612038882
                            ],
                            [
                                120.994659447663864,
                                14.692854662349605
                            ],
                            [
                                120.996001018248592,
                                14.693401061839088
                            ],
                            [
                                120.999955121024669,
                                14.694049909458169
                            ],
                            [
                                121.003979832778896,
                                14.694186508711409
                            ],
                            [
                                121.004615313582192,
                                14.694562156217428
                            ],
                            [
                                121.004544704604058,
                                14.695859842632352
                            ],
                            [
                                121.005533230298084,
                                14.695586646132925
                            ],
                            [
                                121.005956884166949,
                                14.694118209095462
                            ],
                            [
                                121.005321403363638,
                                14.693093712294374
                            ],
                            [
                                121.005497925809024,
                                14.691864309792438
                            ],
                            [
                                121.006168711101353,
                                14.69131790646032
                            ],
                            [
                                121.00443879113682,
                                14.689576236721699
                            ],
                            [
                                121.005109576429206,
                                14.688688321317349
                            ],
                            [
                                121.004615313582192,
                                14.688620019982986
                            ],
                            [
                                121.00433287766964,
                                14.68739059231503
                            ],
                            [
                                121.003450265442794,
                                14.68739059231503
                            ],
                            [
                                121.002143999347126,
                                14.686570970028223
                            ],
                            [
                                121.00189686792362,
                                14.685648891282355
                            ],
                            [
                                121.000802428762427,
                                14.684863413727635
                            ],
                            [
                                120.999955121024669,
                                14.684556052177168
                            ],
                            [
                                120.998825377374374,
                                14.682472812502107
                            ],
                            [
                                120.99868415941809,
                                14.68110674292447
                            ],
                            [
                                120.998119287592928,
                                14.680252945105119
                            ],
                            [
                                120.998401723505495,
                                14.679228383322178
                            ],
                            [
                                120.998260505549212,
                                14.678647796181421
                            ],
                            [
                                120.997342588833348,
                                14.678545339467192
                            ],
                            [
                                120.996142236204903,
                                14.679535752361007
                            ],
                            [
                                120.995577364379727,
                                14.679535752361007
                            ],
                            [
                                120.995083101532714,
                                14.67895516603614
                            ],
                            [
                                120.994588838685715,
                                14.679125926879911
                            ],
                            [
                                120.99377683543706,
                                14.679774816870351
                            ],
                            [
                                120.992788309743034,
                                14.67974066481359
                            ],
                            [
                                120.99247056934135,
                                14.679091774721824
                            ],
                            [
                                120.991976306494337,
                                14.67892101385139
                            ],
                            [
                                120.991340825691069,
                                14.678340425894771
                            ],
                            [
                                120.990987780800367,
                                14.678374578170166
                            ],
                            [
                                120.990528822442414,
                                14.678886861661313
                            ],
                            [
                                120.989504992259327,
                                14.67895516603614
                            ],
                            [
                                120.988940120434137,
                                14.678203816739829
                            ],
                            [
                                120.988445857587124,
                                14.678203816739829
                            ],
                            [
                                120.988375248608989,
                                14.6790576225584
                            ],
                            [
                                120.987739767805721,
                                14.679296687590357
                            ],
                            [
                                120.986539415177276,
                                14.679364991837209
                            ],
                            [
                                120.985762716417668,
                                14.679877273008659
                            ],
                            [
                                120.985127235614371,
                                14.679364991837209
                            ],
                            [
                                120.984350536854762,
                                14.679364991837209
                            ],
                            [
                                120.983150184226318,
                                14.680970135497372
                            ],
                            [
                                120.98251470342305,
                                14.681277502088362
                            ],
                            [
                                120.98255000791211,
                                14.682746025393582
                            ],
                            [
                                120.98103191488201,
                                14.682814328563111
                            ],
                            [
                                120.979937475720732,
                                14.683804722123682
                            ],
                            [
                                120.98103191488201,
                                14.683838873545756
                            ],
                            [
                                120.98106721937107,
                                14.685068321187892
                            ],
                            [
                                120.983997491964061,
                                14.684521900867113
                            ],
                            [
                                120.98555088948325,
                                14.68496586748177
                            ],
                            [
                                120.985127235614371,
                                14.685341530836158
                            ],
                            [
                                120.985727411928607,
                                14.686024553463112
                            ]
                        ]
                    ]
                ]
            }
        },
        {
            "type": "Feature",
            "properties": {
                "id": 13,
                "barangay": "Marulas",
                "logo": "assets/barangays/marulas.webp"
            },
            "geometry": {
                "type": "MultiPolygon",
                "coordinates": [
                    [
                        [
                            [
                                120.971036751708198,
                                14.681366878999796
                            ],
                            [
                                120.971717578047418,
                                14.681301019238562
                            ],
                            [
                                120.971921825949181,
                                14.681630317846386
                            ],
                            [
                                120.974372800770354,
                                14.681762037150671
                            ],
                            [
                                120.975223833694386,
                                14.682058405295241
                            ],
                            [
                                120.975734453448808,
                                14.681959615958348
                            ],
                            [
                                120.977028023493347,
                                14.681926686169462
                            ],
                            [
                                120.978662006707467,
                                14.682980436954098
                            ],
                            [
                                120.979717287533262,
                                14.683770746710119
                            ],
                            [
                                120.980908733626904,
                                14.682782859068775
                            ],
                            [
                                120.982508675524087,
                                14.682749929403867
                            ],
                            [
                                120.982440592890157,
                                14.681235159457492
                            ],
                            [
                                120.983087377912412,
                                14.680938790197246
                            ],
                            [
                                120.984346906639971,
                                14.679292286993515
                            ],
                            [
                                120.985197939564017,
                                14.679292286993515
                            ],
                            [
                                120.985742600635348,
                                14.679852099473536
                            ],
                            [
                                120.986491509608499,
                                14.679292286993515
                            ],
                            [
                                120.987819120970016,
                                14.679325217179064
                            ],
                            [
                                120.98826165809048,
                                14.679028845330656
                            ],
                            [
                                120.988465905992243,
                                14.678139727375934
                            ],
                            [
                                120.988942484429714,
                                14.678139727375934
                            ],
                            [
                                120.989487145501101,
                                14.678962984865354
                            ],
                            [
                                120.990440302375987,
                                14.678798333615358
                            ],
                            [
                                120.991053046081291,
                                14.678370239785304
                            ],
                            [
                                120.991529624518776,
                                14.678403170109666
                            ],
                            [
                                120.991972161639239,
                                14.678831263875271
                            ],
                            [
                                120.992516822710627,
                                14.678995915100483
                            ],
                            [
                                120.992823194563272,
                                14.679720379018912
                            ],
                            [
                                120.993912516706047,
                                14.679687448892871
                            ],
                            [
                                120.995035880165744,
                                14.678864194130224
                            ],
                            [
                                120.995614582554069,
                                14.679456937871674
                            ],
                            [
                                120.996193284942422,
                                14.67948986803243
                            ],
                            [
                                120.997418772353015,
                                14.678534891357556
                            ],
                            [
                                120.996908152598621,
                                14.675702867048322
                            ],
                            [
                                120.993708268804284,
                                14.674220979252654
                            ],
                            [
                                120.993129566415902,
                                14.673101324039498
                            ],
                            [
                                120.992074285590107,
                                14.672969599520115
                            ],
                            [
                                120.99033817842512,
                                14.670796133502405
                            ],
                            [
                                120.988193575456577,
                                14.669083690527879
                            ],
                            [
                                120.985878765903209,
                                14.66839212322102
                            ],
                            [
                                120.983632038983799,
                                14.670664407595444
                            ],
                            [
                                120.982100179720533,
                                14.670433887067478
                            ],
                            [
                                120.981283188113494,
                                14.670697339079613
                            ],
                            [
                                120.97988749411806,
                                14.67086199642616
                            ],
                            [
                                120.978525841439605,
                                14.672772012592358
                            ],
                            [
                                120.978764130658362,
                                14.673233048479593
                            ],
                            [
                                120.979070502511021,
                                14.674188048298754
                            ],
                            [
                                120.978117345636079,
                                14.674879597289873
                            ],
                            [
                                120.974917461841756,
                                14.674484426705456
                            ],
                            [
                                120.973283478627636,
                                14.676690786669072
                            ],
                            [
                                120.973930263649891,
                                14.67744818869031
                            ],
                            [
                                120.974100470234688,
                                14.678106797011907
                            ],
                            [
                                120.971989908583083,
                                14.677942145117408
                            ],
                            [
                                120.971683536730424,
                                14.679852099473536
                            ],
                            [
                                120.971036751708198,
                                14.681366878999796
                            ]
                        ]
                    ]
                ]
            }
        },
        {
            "type": "Feature",
            "properties": {
                "id": 14,
                "barangay": "Malinta",
                "logo": "assets/barangays/malinta.webp"
            },
            "geometry": {
                "type": "MultiPolygon",
                "coordinates": [
                    [
                        [
                            [
                                120.96266553153734,
                                14.699798825693643
                            ],
                            [
                                120.9647731118026,
                                14.700725458411839
                            ],
                            [
                                120.965300006868901,
                                14.699196512318515
                            ],
                            [
                                120.966497495656014,
                                14.699845157422924
                            ],
                            [
                                120.966641194310469,
                                14.700493800600883
                            ],
                            [
                                120.967982381752023,
                                14.701559424496571
                            ],
                            [
                                120.970664756635088,
                                14.699752493954525
                            ],
                            [
                                120.969754665156913,
                                14.699242844175572
                            ],
                            [
                                120.970329459774689,
                                14.695026604939219
                            ],
                            [
                                120.969371468745052,
                                14.694841273874943
                            ],
                            [
                                120.969946263362829,
                                14.693543952023115
                            ],
                            [
                                120.969275669642059,
                                14.690949285211682
                            ],
                            [
                                120.966401696553049,
                                14.691273620247927
                            ],
                            [
                                120.966018500141189,
                                14.690300613695143
                            ],
                            [
                                120.971000053495501,
                                14.681358017316603
                            ],
                            [
                                120.971622747664753,
                                14.679828935724569
                            ],
                            [
                                120.971862245422201,
                                14.677975489159587
                            ],
                            [
                                120.971143752149928,
                                14.677975489159587
                            ],
                            [
                                120.969036171884667,
                                14.679319239484874
                            ],
                            [
                                120.966641194310469,
                                14.678438852273226
                            ],
                            [
                                120.966114299244154,
                                14.676863413682158
                            ],
                            [
                                120.964581513596656,
                                14.674731919882182
                            ],
                            [
                                120.964054618530355,
                                14.675612322012551
                            ],
                            [
                                120.964964710008545,
                                14.67741945212757
                            ],
                            [
                                120.96438991539074,
                                14.679226567313682
                            ],
                            [
                                120.964581513596656,
                                14.682099386361278
                            ],
                            [
                                120.961994937816556,
                                14.685574520252251
                            ],
                            [
                                120.960653750375002,
                                14.686408544167062
                            ],
                            [
                                120.959743658896812,
                                14.689466604630582
                            ],
                            [
                                120.957731877734517,
                                14.691690621730089
                            ],
                            [
                                120.957779777285992,
                                14.692756288569267
                            ],
                            [
                                120.957300781771153,
                                14.693126954077711
                            ],
                            [
                                120.958402471455273,
                                14.693543952023115
                            ],
                            [
                                120.958450371006748,
                                14.695165603134255
                            ],
                            [
                                120.960078955757197,
                                14.695582597188768
                            ],
                            [
                                120.959791558448302,
                                14.695721595030069
                            ],
                            [
                                120.961372243647261,
                                14.696370250453443
                            ],
                            [
                                120.962138636470982,
                                14.696926239283373
                            ],
                            [
                                120.963431924361061,
                                14.697204233167684
                            ],
                            [
                                120.96266553153734,
                                14.699798825693643
                            ]
                        ]
                    ]
                ]
            }
        },
        {
            "type": "Feature",
            "properties": {
                "id": 15,
                "barangay": "Karuhatan",
                "logo": "assets/barangays/karuhatan.webp"
            },
            "geometry": {
                "type": "MultiPolygon",
                "coordinates": [
                    [
                        [
                            [
                                120.971016071677496,
                                14.681368579960203
                            ],
                            [
                                120.966144578340618,
                                14.690247326538019
                            ],
                            [
                                120.96644162061726,
                                14.691224253975973
                            ],
                            [
                                120.969293226472985,
                                14.690908189694525
                            ],
                            [
                                120.970006127936955,
                                14.6935803551231
                            ],
                            [
                                120.969412043383656,
                                14.694873326663419
                            ],
                            [
                                120.970303170213569,
                                14.694988257096698
                            ],
                            [
                                120.970392282896555,
                                14.695160652633261
                            ],
                            [
                                120.972352761922394,
                                14.695993895808876
                            ],
                            [
                                120.972976550703336,
                                14.694068811937631
                            ],
                            [
                                120.973035959158679,
                                14.692804568526279
                            ],
                            [
                                120.973719156394921,
                                14.693149362909363
                            ],
                            [
                                120.974788508590848,
                                14.693091897216631
                            ],
                            [
                                120.975768748103746,
                                14.694212475498796
                            ],
                            [
                                120.976303424201717,
                                14.694902059277416
                            ],
                            [
                                120.977075734120987,
                                14.695074454881984
                            ],
                            [
                                120.977877748267915,
                                14.694700930900137
                            ],
                            [
                                120.979065917374484,
                                14.69587896590463
                            ],
                            [
                                120.981650185181252,
                                14.692804568526279
                            ],
                            [
                                120.980759058351325,
                                14.689528994753511
                            ],
                            [
                                120.981353142904595,
                                14.688810660608103
                            ],
                            [
                                120.983254213475107,
                                14.687977390041826
                            ],
                            [
                                120.985630551688232,
                                14.686023501774715
                            ],
                            [
                                120.985095875590289,
                                14.685362623849661
                            ],
                            [
                                120.985482030549889,
                                14.684931615430951
                            ],
                            [
                                120.983967114939048,
                                14.68455807411409
                            ],
                            [
                                120.98099669217261,
                                14.68513275279876
                            ],
                            [
                                120.980966987944967,
                                14.683925925816322
                            ],
                            [
                                120.979867931521397,
                                14.683897191759355
                            ],
                            [
                                120.977016325665659,
                                14.68194326702754
                            ],
                            [
                                120.975768748103746,
                                14.68194326702754
                            ],
                            [
                                120.975293480461147,
                                14.682029469957374
                            ],
                            [
                                120.974342945175863,
                                14.681799595402289
                            ],
                            [
                                120.971907198507438,
                                14.681684658034133
                            ],
                            [
                                120.971669564686124,
                                14.6813111111704
                            ],
                            [
                                120.971016071677496,
                                14.681368579960203
                            ]
                        ]
                    ]
                ]
            }
        },
        {
            "type": "Feature",
            "properties": {
                "id": 16,
                "barangay": "Maysan",
                "logo": "assets/barangays/maysan.webp"
            },
            "geometry": {
                "type": "MultiPolygon",
                "coordinates": [
                    [
                        [
                            [
                                120.98136085566729,
                                14.688755504211144
                            ],
                            [
                                120.980832827574588,
                                14.689541304080183
                            ],
                            [
                                120.981767031123169,
                                14.692841632677332
                            ],
                            [
                                120.978964420477425,
                                14.695984756427201
                            ],
                            [
                                120.97798959938325,
                                14.69476680134014
                            ],
                            [
                                120.977096013380262,
                                14.695159690819779
                            ],
                            [
                                120.97620242737726,
                                14.694963246168276
                            ],
                            [
                                120.974780813281541,
                                14.693155947087027
                            ],
                            [
                                120.973643522005062,
                                14.693352393363487
                            ],
                            [
                                120.97311549391236,
                                14.692841632677332
                            ],
                            [
                                120.97307487636678,
                                14.694256043960344
                            ],
                            [
                                120.972384378091718,
                                14.696102622688183
                            ],
                            [
                                120.97035350081218,
                                14.69519897972889
                            ],
                            [
                                120.969744237628333,
                                14.699245699520789
                            ],
                            [
                                120.970678441176915,
                                14.699835021391753
                            ],
                            [
                                120.968119535804689,
                                14.701485114170429
                            ],
                            [
                                120.967429037529627,
                                14.702113717663673
                            ],
                            [
                                120.966860391891387,
                                14.702113717663673
                            ],
                            [
                                120.966291746253106,
                                14.702781606892531
                            ],
                            [
                                120.966291746253106,
                                14.703410206653516
                            ],
                            [
                                120.964382721610363,
                                14.706985333376251
                            ],
                            [
                                120.966413598889886,
                                14.707613921033637
                            ],
                            [
                                120.968119535804689,
                                14.707613921033637
                            ],
                            [
                                120.967835212985534,
                                14.709028236644263
                            ],
                            [
                                120.968647563897377,
                                14.709853249851538
                            ],
                            [
                                120.969947325356287,
                                14.710088967337946
                            ],
                            [
                                120.970759676268088,
                                14.709028236644263
                            ],
                            [
                                120.97071905872248,
                                14.70816393374896
                            ],
                            [
                                120.971043999087243,
                                14.707888927564536
                            ],
                            [
                                120.971612644725496,
                                14.70682818617907
                            ],
                            [
                                120.975186988737462,
                                14.707063906932406
                            ],
                            [
                                120.976730455469934,
                                14.70557100452911
                            ],
                            [
                                120.977055395834668,
                                14.705806726639956
                            ],
                            [
                                120.978233304656797,
                                14.705728152631286
                            ],
                            [
                                120.978558245021532,
                                14.706356743908774
                            ],
                            [
                                120.979086273114206,
                                14.706238883182111
                            ],
                            [
                                120.97961430120688,
                                14.706513891445336
                            ],
                            [
                                120.980101711753932,
                                14.706121022391823
                            ],
                            [
                                120.980954680211369,
                                14.705963874572449
                            ],
                            [
                                120.981929501305572,
                                14.706356743908774
                            ],
                            [
                                120.982538764489391,
                                14.705610291565261
                            ],
                            [
                                120.982213824124699,
                                14.705256707985393
                            ],
                            [
                                120.982985557490906,
                                14.704903123832867
                            ],
                            [
                                120.985138287407196,
                                14.703056619510635
                            ],
                            [
                                120.98591002077346,
                                14.701956566960014
                            ],
                            [
                                120.987006694504387,
                                14.701327963014396
                            ],
                            [
                                120.986478666411713,
                                14.700817220976232
                            ],
                            [
                                120.987047312049981,
                                14.699284987694995
                            ],
                            [
                                120.987859662961782,
                                14.699520716591786
                            ],
                            [
                                120.988712631419205,
                                14.698931393872757
                            ],
                            [
                                120.987819045416217,
                                14.698067051008534
                            ],
                            [
                                120.986762989230826,
                                14.69814562777389
                            ],
                            [
                                120.98806275068975,
                                14.69704555048664
                            ],
                            [
                                120.988143985780923,
                                14.693352393363487
                            ],
                            [
                                120.989078189329533,
                                14.691466501819038
                            ],
                            [
                                120.988631396328032,
                                14.691230764231594
                            ],
                            [
                                120.988184603326545,
                                14.688834084325185
                            ],
                            [
                                120.98708792959556,
                                14.688991244468498
                            ],
                            [
                                120.986844224322041,
                                14.690523549943526
                            ],
                            [
                                120.985706933045478,
                                14.690327101124019
                            ],
                            [
                                120.985625697954305,
                                14.690955736724854
                            ],
                            [
                                120.984163466313063,
                                14.690641419150468
                            ],
                            [
                                120.984366554040989,
                                14.689109114501823
                            ],
                            [
                                120.983310497855641,
                                14.688087572101253
                            ],
                            [
                                120.98136085566729,
                                14.688755504211144
                            ]
                        ]
                    ]
                ]
            }
        },
        {
            "type": "Feature",
            "properties": {
                "id": 17,
                "barangay": "Rincon",
                "logo": "assets/barangays/rincon.webp"
            },
            "geometry": {
                "type": "MultiPolygon",
                "coordinates": [
                    [
                        [
                            [
                                120.957299588920293,
                                14.693148116614424
                            ],
                            [
                                120.956675061685274,
                                14.694401069472626
                            ],
                            [
                                120.956096795726936,
                                14.695184161360253
                            ],
                            [
                                120.956050534450213,
                                14.695810632849399
                            ],
                            [
                                120.956998890621918,
                                14.695788258898583
                            ],
                            [
                                120.95771594041031,
                                14.696504224188303
                            ],
                            [
                                120.957091413175306,
                                14.697712410293729
                            ],
                            [
                                120.955148439555202,
                                14.699658918296128
                            ],
                            [
                                120.954015038276808,
                                14.702097622229807
                            ],
                            [
                                120.958062899985322,
                                14.703753240571976
                            ],
                            [
                                120.959520130200374,
                                14.701202688169621
                            ],
                            [
                                120.956998890621918,
                                14.700128762456313
                            ],
                            [
                                120.956998890621918,
                                14.700128762456313
                            ],
                            [
                                120.959797697860409,
                                14.695765884945473
                            ],
                            [
                                120.959728305945362,
                                14.695698763072382
                            ],
                            [
                                120.959982742967071,
                                14.69560926720952
                            ],
                            [
                                120.958432990198688,
                                14.695206535372943
                            ],
                            [
                                120.958363598283682,
                                14.693573226425219
                            ],
                            [
                                120.957299588920293,
                                14.693148116614424
                            ]
                        ]
                    ]
                ]
            }
        },
        {
            "type": "Feature",
            "properties": {
                "id": 18,
                "barangay": "Dalandanan",
                "logo": "assets/barangays/dalandanan.webp"
            },
            "geometry": {
                "type": "MultiPolygon",
                "coordinates": [
                    [
                        [
                            [
                                120.959825359294129,
                                14.695864743703824
                            ],
                            [
                                120.957042027339014,
                                14.700091579605337
                            ],
                            [
                                120.959602692737747,
                                14.701249233767191
                            ],
                            [
                                120.957042027339014,
                                14.705637494979888
                            ],
                            [
                                120.958517193275227,
                                14.706498983756324
                            ],
                            [
                                120.959240859583588,
                                14.709137271984483
                            ],
                            [
                                120.962135524816944,
                                14.709783378526099
                            ],
                            [
                                120.96427869042239,
                                14.710806376638455
                            ],
                            [
                                120.96461269025697,
                                14.70900266621423
                            ],
                            [
                                120.964557023617914,
                                14.707172019497371
                            ],
                            [
                                120.964362190381053,
                                14.706956648286008
                            ],
                            [
                                120.966338356069201,
                                14.703349148909744
                            ],
                            [
                                120.966171356151904,
                                14.702756867196245
                            ],
                            [
                                120.966839355821122,
                                14.702110739858357
                            ],
                            [
                                120.967423855531678,
                                14.702110739858357
                            ],
                            [
                                120.968036188561825,
                                14.701572298949669
                            ],
                            [
                                120.966700189223374,
                                14.700495413149463
                            ],
                            [
                                120.966505355986513,
                                14.699903123695874
                            ],
                            [
                                120.965280689926217,
                                14.699256987914563
                            ],
                            [
                                120.96483535681341,
                                14.70079155727389
                            ],
                            [
                                120.962664357888414,
                                14.699849279120443
                            ],
                            [
                                120.963360190877211,
                                14.697210878663496
                            ],
                            [
                                120.962107691497366,
                                14.69694165233517
                            ],
                            [
                                120.961467525147697,
                                14.696457044108021
                            ],
                            [
                                120.959825359294129,
                                14.695864743703824
                            ]
                        ]
                    ]
                ]
            }
        },
        {
            "type": "Feature",
            "properties": {
                "id": 19,
                "barangay": "Arkong Bato",
                "logo": "assets/barangays/arkong_bato.webp"
            },
            "geometry": {
                "type": "MultiPolygon",
                "coordinates": [
                    [
                        [
                            [
                                120.949999274349125,
                                14.695827175866594
                            ],
                            [
                                120.948567534194254,
                                14.697995630921005
                            ],
                            [
                                120.952184561953928,
                                14.700273396661125
                            ],
                            [
                                120.952259916698893,
                                14.699544514208773
                            ],
                            [
                                120.95256133567888,
                                14.699034295044781
                            ],
                            [
                                120.953748172912526,
                                14.698196075259331
                            ],
                            [
                                120.949999274349125,
                                14.695827175866594
                            ]
                        ]
                    ]
                ]
            }
        },
        {
            "type": "Feature",
            "properties": {
                "id": 20,
                "barangay": "Palasan",
                "logo": "assets/barangays/palasan.webp"
            },
            "geometry": {
                "type": "MultiPolygon",
                "coordinates": [
                    [
                        [
                            [
                                120.9485417409864,
                                14.698038304926184
                            ],
                            [
                                120.946444775833513,
                                14.701291053461235
                            ],
                            [
                                120.942387233505087,
                                14.706221616649024
                            ],
                            [
                                120.944501247155173,
                                14.707474852419686
                            ],
                            [
                                120.944927459584648,
                                14.706815255542537
                            ],
                            [
                                120.945813981437922,
                                14.707342933203698
                            ],
                            [
                                120.946939182251668,
                                14.705430095613208
                            ],
                            [
                                120.948286013528758,
                                14.706155656672317
                            ],
                            [
                                120.948456498500533,
                                14.705364135397351
                            ],
                            [
                                120.949223680873544,
                                14.704205705857998
                            ],
                            [
                                120.950229542207069,
                                14.703793451869988
                            ],
                            [
                                120.951013773077264,
                                14.70282052937217
                            ],
                            [
                                120.951081967065946,
                                14.701732170254505
                            ],
                            [
                                120.951866197936184,
                                14.701204479032727
                            ],
                            [
                                120.952138973890996,
                                14.700281016326404
                            ],
                            [
                                120.9485417409864,
                                14.698038304926184
                            ]
                        ]
                    ]
                ]
            }
        },
        {
            "type": "Feature",
            "properties": {
                "id": 21,
                "barangay": "Isla",
                "logo": "assets/barangays/isla.webp"
            },
            "geometry": {
                "type": "MultiPolygon",
                "coordinates": [
                    [
                        [
                            [
                                120.955904376673445,
                                14.695924731191438
                            ],
                            [
                                120.95593214687888,
                                14.696838027945073
                            ],
                            [
                                120.955460053386233,
                                14.697805043875299
                            ],
                            [
                                120.95379384105938,
                                14.698181104469812
                            ],
                            [
                                120.952516411608741,
                                14.699067530452259
                            ],
                            [
                                120.952183169143382,
                                14.699524172736206
                            ],
                            [
                                120.951961007499804,
                                14.701189565916309
                            ],
                            [
                                120.951127901336363,
                                14.701780508830669
                            ],
                            [
                                120.951044590720002,
                                14.702908668135517
                            ],
                            [
                                120.950322565378357,
                                14.703848796437024
                            ],
                            [
                                120.949211757160398,
                                14.704305428722904
                            ],
                            [
                                120.948489731818754,
                                14.705379853863558
                            ],
                            [
                                120.948406421202392,
                                14.706131948315861
                            ],
                            [
                                120.947684395860747,
                                14.707320520872521
                            ],
                            [
                                120.947851017093484,
                                14.708636672762603
                            ],
                            [
                                120.947656625655327,
                                14.708958994464693
                            ],
                            [
                                120.947739936271688,
                                14.709925956714898
                            ],
                            [
                                120.948350880791537,
                                14.710651175591041
                            ],
                            [
                                120.948850744489604,
                                14.710651175591041
                            ],
                            [
                                120.949461689009453,
                                14.709469336186169
                            ],
                            [
                                120.949406148598541,
                                14.708770973529653
                            ],
                            [
                                120.9499337825021,
                                14.707884586940043
                            ],
                            [
                                120.9507113482546,
                                14.707454822449371
                            ],
                            [
                                120.951822156472531,
                                14.70495679959552
                            ],
                            [
                                120.952932964690447,
                                14.704231561800229
                            ],
                            [
                                120.953682760237584,
                                14.703157131008734
                            ],
                            [
                                120.954043772908392,
                                14.702082694930269
                            ],
                            [
                                120.955085155612664,
                                14.699678625057341
                            ],
                            [
                                120.957112380610369,
                                14.697664020985435
                            ],
                            [
                                120.957723325130232,
                                14.696508972937082
                            ],
                            [
                                120.957015184891304,
                                14.69577027621593
                            ],
                            [
                                120.956057112803364,
                                14.69582399969806
                            ],
                            [
                                120.955904376673445,
                                14.695924731191438
                            ]
                        ]
                    ]
                ]
            }
        },
        {
            "type": "Feature",
            "properties": {
                "id": 22,
                "barangay": "Pulo",
                "logo": "assets/barangays/pulo.webp"
            },
            "geometry": {
                "type": "MultiPolygon",
                "coordinates": [
                    [
                        [
                            [
                                120.946836142399434,
                                14.709243277568792
                            ],
                            [
                                120.947443342631871,
                                14.708995306173538
                            ],
                            [
                                120.947861636125353,
                                14.708642925285121
                            ],
                            [
                                120.947632249370855,
                                14.707337805928173
                            ],
                            [
                                120.948293422957335,
                                14.706228448339377
                            ],
                            [
                                120.946971075784433,
                                14.70543231765399
                            ],
                            [
                                120.945459821872518,
                                14.707951212997882
                            ],
                            [
                                120.9458916087045,
                                14.708173083215604
                            ],
                            [
                                120.946728195691435,
                                14.709021408438939
                            ],
                            [
                                120.946836142399434,
                                14.709243277568792
                            ]
                        ]
                    ]
                ]
            }
        },
        {
            "type": "Feature",
            "properties": {
                "id": 23,
                "barangay": "Poblacion",
                "logo": "assets/barangays/poblacion.webp"
            },
            "geometry": {
                "type": "MultiPolygon",
                "coordinates": [
                    [
                        [
                            [
                                120.946362742665627,
                                14.709513382787151
                            ],
                            [
                                120.946859644703608,
                                14.709206606162246
                            ],
                            [
                                120.945876413011391,
                                14.708194240240733
                            ],
                            [
                                120.945411228124797,
                                14.707948817492017
                            ],
                            [
                                120.945791833941115,
                                14.707355711376721
                            ],
                            [
                                120.944956615621962,
                                14.706834185702427
                            ],
                            [
                                120.943973383929759,
                                14.708184014298377
                            ],
                            [
                                120.944935470854389,
                                14.708879377287071
                            ],
                            [
                                120.946362742665627,
                                14.709513382787151
                            ]
                        ]
                    ]
                ]
            }
        },
        {
            "type": "Feature",
            "properties": {
                "id": 24,
                "barangay": "Pariancillo Villa",
                "logo": "assets/barangays/pariancillo_villa.webp"
            },
            "geometry": {
                "type": "MultiPolygon",
                "coordinates": [
                    [
                        [
                            [
                                120.942412035524001,
                                14.706239668574796
                            ],
                            [
                                120.941058235837744,
                                14.707851292607515
                            ],
                            [
                                120.945987455208254,
                                14.710201556325222
                            ],
                            [
                                120.94636929614542,
                                14.709597205215035
                            ],
                            [
                                120.944946070834206,
                                14.708925702018753
                            ],
                            [
                                120.943939399272594,
                                14.708254196756494
                            ],
                            [
                                120.944494804272125,
                                14.707448387714841
                            ],
                            [
                                120.942412035524001,
                                14.706239668574796
                            ]
                        ]
                    ]
                ]
            }
        },
        {
            "type": "Feature",
            "properties": {
                "id": 25,
                "barangay": "Pasolo",
                "logo": "assets/barangays/pasolo.webp"
            },
            "geometry": {
                "type": "MultiPolygon",
                "coordinates": [
                    [
                        [
                            [
                                120.951006594583063,
                                14.713066751901904
                            ],
                            [
                                120.952897530747137,
                                14.711037379455339
                            ],
                            [
                                120.957611919539787,
                                14.713066751901904
                            ],
                            [
                                120.95921792011751,
                                14.70915831406673
                            ],
                            [
                                120.958466726298894,
                                14.70655264995789
                            ],
                            [
                                120.957042048367072,
                                14.705625627340993
                            ],
                            [
                                120.958000468066643,
                                14.703796625227872
                            ],
                            [
                                120.95398546662237,
                                14.702142993690867
                            ],
                            [
                                120.953674627800865,
                                14.703245416107029
                            ],
                            [
                                120.952949337217362,
                                14.704247613473534
                            ],
                            [
                                120.951887304577284,
                                14.704899039294865
                            ],
                            [
                                120.950695755761558,
                                14.707504723142385
                            ],
                            [
                                120.949996368413181,
                                14.707905594819849
                            ],
                            [
                                120.949426497240438,
                                14.70888271644931
                            ],
                            [
                                120.949478303710691,
                                14.709484019893194
                            ],
                            [
                                120.949866852237548,
                                14.709759616751327
                            ],
                            [
                                120.949374690770213,
                                14.711162649905981
                            ],
                            [
                                120.949581916651212,
                                14.712390296516757
                            ],
                            [
                                120.951006594583063,
                                14.713066751901904
                            ]
                        ]
                    ]
                ]
            }
        },
        {
            "type": "Feature",
            "properties": {
                "id": 26,
                "barangay": "Viente Reales",
                "logo": "assets/barangays/viente_reales.webp"
            },
            "geometry": {
                "type": "MultiPolygon",
                "coordinates": [
                    [
                        [
                            [
                                120.967886383799566,
                                14.723912283533004
                            ],
                            [
                                120.96861683940665,
                                14.723503274935601
                            ],
                            [
                                120.969001289726165,
                                14.722462158680099
                            ],
                            [
                                120.969693300301287,
                                14.721904415784076
                            ],
                            [
                                120.969885525461081,
                                14.720379911256394
                            ],
                            [
                                120.969462630109575,
                                14.719487513417064
                            ],
                            [
                                120.969501075141565,
                                14.718669478856613
                            ],
                            [
                                120.970692871132087,
                                14.717405237592079
                            ],
                            [
                                120.971000431387708,
                                14.717405237592079
                            ],
                            [
                                120.972115337314335,
                                14.716215356767197
                            ],
                            [
                                120.973268688272924,
                                14.716289724508895
                            ],
                            [
                                120.97434514916759,
                                14.715397309935213
                            ],
                            [
                                120.971384881707237,
                                14.714318970788105
                            ],
                            [
                                120.971846222090676,
                                14.714021496981996
                            ],
                            [
                                120.971653996930897,
                                14.712757228781305
                            ],
                            [
                                120.972461342601889,
                                14.712162276505058
                            ],
                            [
                                120.972499787633879,
                                14.711381399180764
                            ],
                            [
                                120.973114908145106,
                                14.710749258347816
                            ],
                            [
                                120.973153353177068,
                                14.708555343605175
                            ],
                            [
                                120.973883808784137,
                                14.708146306214045
                            ],
                            [
                                120.974998714710765,
                                14.706993560351432
                            ],
                            [
                                120.971692441962858,
                                14.706919189441569
                            ],
                            [
                                120.971307991643343,
                                14.707811638687522
                            ],
                            [
                                120.970769761195982,
                                14.708146306214045
                            ],
                            [
                                120.970923541323813,
                                14.708927195113739
                            ],
                            [
                                120.969923970493014,
                                14.710154300597059
                            ],
                            [
                                120.968693729470544,
                                14.709931191022363
                            ],
                            [
                                120.967847938767605,
                                14.709038750442772
                            ],
                            [
                                120.968040163927355,
                                14.707662897399921
                            ],
                            [
                                120.966271692457539,
                                14.707662897399921
                            ],
                            [
                                120.964387885891824,
                                14.706956374899665
                            ],
                            [
                                120.964503220987709,
                                14.707253858336388
                            ],
                            [
                                120.964695446147488,
                                14.708890009991393
                            ],
                            [
                                120.964272550795997,
                                14.710786443153392
                            ],
                            [
                                120.967079038128546,
                                14.712125091933936
                            ],
                            [
                                120.967117483160479,
                                14.713203441923911
                            ],
                            [
                                120.965695016978245,
                                14.715546045951015
                            ],
                            [
                                120.964926116339186,
                                14.715731965828155
                            ],
                            [
                                120.964580111051603,
                                14.719004129729466
                            ],
                            [
                                120.965156786530912,
                                14.719413146765634
                            ],
                            [
                                120.966771477872925,
                                14.718557928451563
                            ],
                            [
                                120.967232818256363,
                                14.718855396071589
                            ],
                            [
                                120.967386598384138,
                                14.719710613219236
                            ],
                            [
                                120.966117912329736,
                                14.721383854460708
                            ],
                            [
                                120.966425472585328,
                                14.721681318226231
                            ],
                            [
                                120.967194373224402,
                                14.72183004995682
                            ],
                            [
                                120.967578823543917,
                                14.721941598688197
                            ],
                            [
                                120.967540378511956,
                                14.722276244539932
                            ],
                            [
                                120.967232818256363,
                                14.723057082863386
                            ],
                            [
                                120.967886383799566,
                                14.723912283533004
                            ]
                        ]
                    ]
                ]
            }
        },
        {
            "type": "Feature",
            "properties": {
                "id": 27,
                "barangay": "Malanday",
                "logo": "assets/barangays/malanday.webp"
            },
            "geometry": {
                "type": "MultiPolygon",
                "coordinates": [
                    [
                        [
                            [
                                120.946989893769668,
                                14.733908557100529
                            ],
                            [
                                120.948664111401513,
                                14.73433465273969
                            ],
                            [
                                120.949897745445966,
                                14.733823337872698
                            ],
                            [
                                120.952188780100045,
                                14.729988438123703
                            ],
                            [
                                120.95196848830642,
                                14.729093618471701
                            ],
                            [
                                120.953774881014425,
                                14.729349281604307
                            ],
                            [
                                120.955581273722444,
                                14.72517341288639
                            ],
                            [
                                120.956242149103417,
                                14.724662076525618
                            ],
                            [
                                120.955581273722444,
                                14.724108127448076
                            ],
                            [
                                120.958401008681278,
                                14.721082688422099
                            ],
                            [
                                120.958401008681278,
                                14.720571342468038
                            ],
                            [
                                120.959150000779729,
                                14.720571342468038
                            ],
                            [
                                120.95994305123692,
                                14.718696397045395
                            ],
                            [
                                120.960119284671819,
                                14.717588467174002
                            ],
                            [
                                120.961617268868707,
                                14.717460628749782
                            ],
                            [
                                120.961925677379838,
                                14.716864048446125
                            ],
                            [
                                120.962762786195725,
                                14.71677882255527
                            ],
                            [
                                120.963688011729104,
                                14.717332790250635
                            ],
                            [
                                120.964216712033917,
                                14.722062764815906
                            ],
                            [
                                120.966992388634011,
                                14.723980292845695
                            ],
                            [
                                120.967741380732477,
                                14.723980292845695
                            ],
                            [
                                120.967212680427693,
                                14.722957613328356
                            ],
                            [
                                120.967477030580099,
                                14.721977540956528
                            ],
                            [
                                120.966463688329242,
                                14.721764481162349
                            ],
                            [
                                120.966067163100632,
                                14.721380973008253
                            ],
                            [
                                120.967344855503882,
                                14.719676484163379
                            ],
                            [
                                120.967124563710215,
                                14.718866847295327
                            ],
                            [
                                120.966683980122909,
                                14.718696397045395
                            ],
                            [
                                120.965097879208528,
                                14.719463422121079
                            ],
                            [
                                120.96439294546883,
                                14.718952072370342
                            ],
                            [
                                120.964833529056122,
                                14.715628269769775
                            ],
                            [
                                120.965626579513312,
                                14.715415203773215
                            ],
                            [
                                120.966992388634011,
                                14.71315669141671
                            ],
                            [
                                120.966992388634011,
                                14.712261802695474
                            ],
                            [
                                120.961969735738592,
                                14.709832800524234
                            ],
                            [
                                120.959238117497193,
                                14.709321428201143
                            ],
                            [
                                120.957652016582841,
                                14.713241918722559
                            ],
                            [
                                120.952893713839771,
                                14.711068612024949
                            ],
                            [
                                120.950955146055563,
                                14.712943623006456
                            ],
                            [
                                120.948531936325324,
                                14.717375403092012
                            ],
                            [
                                120.950294270674561,
                                14.717673692748525
                            ],
                            [
                                120.950162095598401,
                                14.716693596631114
                            ],
                            [
                                120.951483846360347,
                                14.716991887219976
                            ],
                            [
                                120.950690795903157,
                                14.719548646962977
                            ],
                            [
                                120.950778912620649,
                                14.721764481162349
                            ],
                            [
                                120.951131379490505,
                                14.722361048061426
                            ],
                            [
                                120.950646737544446,
                                14.724832522112463
                            ],
                            [
                                120.949853687087241,
                                14.726153470892204
                            ],
                            [
                                120.948840344836455,
                                14.72832662727447
                            ],
                            [
                                120.948047294379265,
                                14.72905100792044
                            ],
                            [
                                120.947078010487161,
                                14.731778066405361
                            ],
                            [
                                120.946373076747463,
                                14.731991116412287
                            ],
                            [
                                120.946064668236289,
                                14.732715484877685
                            ],
                            [
                                120.946989893769668,
                                14.733908557100529
                            ]
                        ]
                    ]
                ]
            }
        },
        {
            "type": "Feature",
            "properties": {
                "id": 28,
                "barangay": "Mabolo",
                "logo": "assets/barangays/mabolo.webp"
            },
            "geometry": {
                "type": "MultiPolygon",
                "coordinates": [
                    [
                        [
                            [
                                120.945977002189082,
                                14.710287322557928
                            ],
                            [
                                120.947027886017054,
                                14.710672336666159
                            ],
                            [
                                120.94725080076843,
                                14.711057350095134
                            ],
                            [
                                120.947123420910486,
                                14.713028608208869
                            ],
                            [
                                120.945977002189082,
                                14.715585057050683
                            ],
                            [
                                120.946693513889969,
                                14.715615857456498
                            ],
                            [
                                120.947123420910486,
                                14.714322236667797
                            ],
                            [
                                120.947839932611387,
                                14.713259613853348
                            ],
                            [
                                120.948333529560884,
                                14.713875627709589
                            ],
                            [
                                120.949909855302835,
                                14.714661042853855
                            ],
                            [
                                120.950849281755069,
                                14.71301320782387
                            ],
                            [
                                120.949543638211253,
                                14.712458793240177
                            ],
                            [
                                120.949368490906608,
                                14.711211355276525
                            ],
                            [
                                120.94984616537387,
                                14.709763702280698
                            ],
                            [
                                120.949464025800026,
                                14.709517292303772
                            ],
                            [
                                120.948874893957111,
                                14.710687737216356
                            ],
                            [
                                120.948301684596416,
                                14.710672336666159
                            ],
                            [
                                120.947632940342217,
                                14.709948509580817
                            ],
                            [
                                120.947553327931033,
                                14.708947468166597
                            ],
                            [
                                120.946422831691848,
                                14.709501891670978
                            ],
                            [
                                120.945977002189082,
                                14.710287322557928
                            ]
                        ]
                    ]
                ]
            }
        },
        {
            "type": "Feature",
            "properties": {
                "id": 29,
                "barangay": "Balangkas",
                "logo": "assets/barangays/balangkas.webp"
            },
            "geometry": {
                "type": "MultiPolygon",
                "coordinates": [
                    [
                        [
                            [
                                120.928677764447485,
                                14.727346584923223
                            ],
                            [
                                120.929965141610097,
                                14.727648422860133
                            ],
                            [
                                120.931408564489459,
                                14.72629014885262
                            ],
                            [
                                120.933437158806356,
                                14.72647879852644
                            ],
                            [
                                120.934334421677292,
                                14.725346898034669
                            ],
                            [
                                120.936011913131665,
                                14.721460661621991
                            ],
                            [
                                120.936831153144269,
                                14.719309996166901
                            ],
                            [
                                120.937650393156844,
                                14.718593102968883
                            ],
                            [
                                120.939171838894495,
                                14.716253750880812
                            ],
                            [
                                120.939600964615394,
                                14.716140555788595
                            ],
                            [
                                120.94170758179061,
                                14.716065092361161
                            ],
                            [
                                120.942799901807433,
                                14.715310456651014
                            ],
                            [
                                120.944984541840995,
                                14.712706943414066
                            ],
                            [
                                120.945998838999444,
                                14.710292062786825
                            ],
                            [
                                120.941005376065561,
                                14.707877155437879
                            ],
                            [
                                120.931954724497857,
                                14.719800500681517
                            ],
                            [
                                120.928677764447485,
                                14.727346584923223
                            ]
                        ]
                    ]
                ]
            }
        },
        {
            "type": "Feature",
            "properties": {
                "id": 30,
                "barangay": "Bisig",
                "logo": "assets/barangays/bisig.webp"
            },
            "geometry": {
                "type": "MultiPolygon",
                "coordinates": [
                    [
                        [
                            [
                                120.93605618596844,
                                14.721391617451269
                            ],
                            [
                                120.938654032600567,
                                14.722061634281841
                            ],
                            [
                                120.940484895941296,
                                14.719022612865029
                            ],
                            [
                                120.94140032761166,
                                14.722731649053676
                            ],
                            [
                                120.941870414145114,
                                14.72289915242494
                            ],
                            [
                                120.942291017885537,
                                14.722324854616307
                            ],
                            [
                                120.942216793696034,
                                14.721702696950059
                            ],
                            [
                                120.941919896938089,
                                14.721128395990293
                            ],
                            [
                                120.942192052299561,
                                14.720458376292338
                            ],
                            [
                                120.942761104418963,
                                14.720266941714822
                            ],
                            [
                                120.943478604917374,
                                14.72017122436305
                            ],
                            [
                                120.944220846812257,
                                14.719022612865029
                            ],
                            [
                                120.94424558820873,
                                14.718017572842149
                            ],
                            [
                                120.94533420965459,
                                14.716868950002539
                            ],
                            [
                                120.945952744566995,
                                14.715624601767725
                            ],
                            [
                                120.947090848805829,
                                14.712992303268448
                            ],
                            [
                                120.947214555788307,
                                14.711030023727064
                            ],
                            [
                                120.947016624616296,
                                14.710694998627238
                            ],
                            [
                                120.946026968756485,
                                14.710312112169094
                            ],
                            [
                                120.944963088707127,
                                14.712848722436947
                            ],
                            [
                                120.942810587211937,
                                14.71528958372255
                            ],
                            [
                                120.941672482973104,
                                14.715983549102351
                            ],
                            [
                                120.939198343323497,
                                14.716270706544815
                            ],
                            [
                                120.93771385953373,
                                14.718520093432483
                            ],
                            [
                                120.936847910656354,
                                14.719309766306646
                            ],
                            [
                                120.93605618596844,
                                14.721391617451269
                            ]
                        ]
                    ]
                ]
            }
        },
        {
            "type": "Feature",
            "properties": {
                "id": 31,
                "barangay": "Wawang Pulo",
                "logo": "assets/barangays/wawang_pulo.webp"
            },
            "geometry": {
                "type": "MultiPolygon",
                "coordinates": [
                    [
                        [
                            [
                                120.926116154761715,
                                14.736876103625336
                            ],
                            [
                                120.931157016366626,
                                14.73418927601576
                            ],
                            [
                                120.931099733848413,
                                14.731613214307133
                            ],
                            [
                                120.933219187023212,
                                14.729175622497781
                            ],
                            [
                                120.933075980727622,
                                14.727319710453104
                            ],
                            [
                                120.933391034577951,
                                14.726516400339571
                            ],
                            [
                                120.931357505180458,
                                14.72632249745485
                            ],
                            [
                                120.929925442224544,
                                14.727679814025763
                            ],
                            [
                                120.928665226823313,
                                14.72737511104147
                            ],
                            [
                                120.927834630308837,
                                14.729646523040286
                            ],
                            [
                                120.925428764542843,
                                14.732776600785632
                            ],
                            [
                                120.926116154761715,
                                14.736876103625336
                            ]
                        ]
                    ]
                ]
            }
        },
        {
            "type": "Feature",
            "properties": {
                "id": 32,
                "barangay": "Tagalag",
                "logo": "assets/barangays/tagalag.webp"
            },
            "geometry": {
                "type": "MultiPolygon",
                "coordinates": [
                    [
                        [
                            [
                                120.931175706468522,
                                14.734235849169108
                            ],
                            [
                                120.934070223437672,
                                14.733238823984676
                            ],
                            [
                                120.935616609215714,
                                14.734044113911057
                            ],
                            [
                                120.935894165637364,
                                14.732893698819383
                            ],
                            [
                                120.936092420224327,
                                14.732050057225083
                            ],
                            [
                                120.937361249580647,
                                14.731858320043571
                            ],
                            [
                                120.937321598663232,
                                14.730516155049161
                            ],
                            [
                                120.938630078936995,
                                14.730516155049161
                            ],
                            [
                                120.939661002789009,
                                14.727563362965379
                            ],
                            [
                                120.940454021136688,
                                14.727371621836529
                            ],
                            [
                                120.940850530310556,
                                14.72645126207026
                            ],
                            [
                                120.941326341319197,
                                14.726297868398088
                            ],
                            [
                                120.942000406914744,
                                14.724150345654566
                            ],
                            [
                                120.94168319957565,
                                14.72346006599453
                            ],
                            [
                                120.94180215232781,
                                14.722923180303612
                            ],
                            [
                                120.941326341319197,
                                14.722731435093625
                            ],
                            [
                                120.940432449081513,
                                14.719079386883928
                            ],
                            [
                                120.938627573453857,
                                14.722112782353303
                            ],
                            [
                                120.936023818449982,
                                14.721425979527107
                            ],
                            [
                                120.934278119072431,
                                14.725460915151691
                            ],
                            [
                                120.93342006344615,
                                14.726491099514465
                            ],
                            [
                                120.933035417820591,
                                14.727349582764463
                            ],
                            [
                                120.933272122820952,
                                14.729095154945705
                            ],
                            [
                                120.931108824673643,
                                14.731598444780833
                            ],
                            [
                                120.931175706468522,
                                14.734235849169108
                            ]
                        ]
                    ]
                ]
            }
        },
        {
            "type": "Feature",
            "properties": {
                "id": 33,
                "barangay": "Coloong",
                "logo": "assets/barangays/coloong.webp"
            },
            "geometry": {
                "type": "MultiPolygon",
                "coordinates": [
                    [
                        [
                            [
                                120.935670798269996,
                                14.734160747366237
                            ],
                            [
                                120.935469495772679,
                                14.735474853137243
                            ],
                            [
                                120.93657665950812,
                                14.737421661930828
                            ],
                            [
                                120.938287730735652,
                                14.737713681749169
                            ],
                            [
                                120.939495545719765,
                                14.737324321904378
                            ],
                            [
                                120.941357593820271,
                                14.737421661930828
                            ],
                            [
                                120.943320293169464,
                                14.733917393575842
                            ],
                            [
                                120.946792761248815,
                                14.73382005198358
                            ],
                            [
                                120.946138528132437,
                                14.732797962639106
                            ],
                            [
                                120.946294837956216,
                                14.731932760640449
                            ],
                            [
                                120.94708346682647,
                                14.731678525951162
                            ],
                            [
                                120.948022310719651,
                                14.728990883951745
                            ],
                            [
                                120.948848493345636,
                                14.728264488532661
                            ],
                            [
                                120.950688627376223,
                                14.724850397637312
                            ],
                            [
                                120.951026611177767,
                                14.722380596426691
                            ],
                            [
                                120.950758355075223,
                                14.721938272138889
                            ],
                            [
                                120.950612378326483,
                                14.719432234499589
                            ],
                            [
                                120.951378756257398,
                                14.717032058778083
                            ],
                            [
                                120.950247436454589,
                                14.716714386482883
                            ],
                            [
                                120.950356919016173,
                                14.717702698770893
                            ],
                            [
                                120.948495715469576,
                                14.717385027452373
                            ],
                            [
                                120.949955482957108,
                                14.714702451203925
                            ],
                            [
                                120.948203761972096,
                                14.713855315009257
                            ],
                            [
                                120.947838820100202,
                                14.713431745678468
                            ],
                            [
                                120.947035947982073,
                                14.714420072837845
                            ],
                            [
                                120.946816982858962,
                                14.71569077260699
                            ],
                            [
                                120.945941122366492,
                                14.715584881242259
                            ],
                            [
                                120.945357215371487,
                                14.716961464974684
                            ],
                            [
                                120.944335378130248,
                                14.717985072887849
                            ],
                            [
                                120.94422589556865,
                                14.719079269138197
                            ],
                            [
                                120.943496011824877,
                                14.720279349036248
                            ],
                            [
                                120.94287561064273,
                                14.720279349036248
                            ],
                            [
                                120.942255209460541,
                                14.720455830817238
                            ],
                            [
                                120.941999750150202,
                                14.721126460282452
                            ],
                            [
                                120.942291703647726,
                                14.72172649542423
                            ],
                            [
                                120.942328197834897,
                                14.722326528914904
                            ],
                            [
                                120.941817279214277,
                                14.72296185669356
                            ],
                            [
                                120.941671302465537,
                                14.723526590942717
                            ],
                            [
                                120.941999750150202,
                                14.724197210963752
                            ],
                            [
                                120.941415843155227,
                                14.726385535631435
                            ],
                            [
                                120.940868430347422,
                                14.726420831010582
                            ],
                            [
                                120.940503488475528,
                                14.727338508862506
                            ],
                            [
                                120.939700616357413,
                                14.727585575316391
                            ],
                            [
                                120.938715273303345,
                                14.73055035091831
                            ],
                            [
                                120.937364988377439,
                                14.73055035091831
                            ],
                            [
                                120.93740148256461,
                                14.731962134648114
                            ],
                            [
                                120.936160680200203,
                                14.732068018059126
                            ],
                            [
                                120.935670798269996,
                                14.734160747366237
                            ]
                        ]
                    ]
                ]
            }
        }
    ]
}